	id	city_id	source	parser	base_url	fetch_params	parse_params	clean_params	status
0	115	7_3473	sterlitamakcity.ru	PaginatedSiteParser	http://sterlitamakcity.ru/news.html?start={start}	"{""start"": [0, 10]}"	"{""text_markup"": ""div.article-content"", ""title_markup"": ""a.contentpagetitle"", ""url_markup"": ""a.contentpagetitle""}"	"{""delete"": [""Подробнее... \\d+ комментари.+""]}"	ACTIVE
1	116	7_495	mk.ru/moscow	PaginatedSiteParser	http://www.mk.ru/moscow/{page}/	"{""page"": [1, 2]}"	"{""text_markup"": ""ul.big_listing p.text"", ""title_markup"": ""ul.big_listing a.mkh2"", ""url_markup"": ""ul.big_listing a.mkh2""}"	{ }	ACTIVE
2	117	7_3852	news.yandex.ru/Barnaul	PaginatedSiteParser	https://news.yandex.ru/Barnaul/index.html	"{""sleep"": 0.25}"	"{""text_markup"": ""div.story_view_main div.story__text, div.story_view_normal div.story__text"", ""title_markup"": ""div.story_view_main a.link_theme_black, div.story_view_normal a.link_theme_black"", ""url_markup"": ""div.story_view_main a.link_theme_black, div.story_view_normal a.link_theme_black""}"	{}	ACTIVE
3	118	7_34766	news.yandex.ru/Blagoveshchensk	PaginatedSiteParser	https://news.yandex.ru/Blagoveshchensk/index.html	"{""sleep"": 0.25}"	"{""text_markup"": ""div.story_view_main div.story__text, div.story_view_normal div.story__text"", ""title_markup"": ""div.story_view_main a.link_theme_black, div.story_view_normal a.link_theme_black"", ""url_markup"": ""div.story_view_main a.link_theme_black, div.story_view_normal a.link_theme_black""}"	{}	ACTIVE
4	119	7_8182	news.yandex.ru/Arhangelsk	PaginatedSiteParser	https://news.yandex.ru/Arhangelsk/index.html	"{""sleep"": 0.25}"	"{""text_markup"": ""div.story_view_main div.story__text, div.story_view_normal div.story__text"", ""title_markup"": ""div.story_view_main a.link_theme_black, div.story_view_normal a.link_theme_black"", ""url_markup"": ""div.story_view_main a.link_theme_black, div.story_view_normal a.link_theme_black""}"	{}	ACTIVE
5	120	7_8512	news.yandex.ru/Astrahan	PaginatedSiteParser	https://news.yandex.ru/Astrahan/index.html	"{""sleep"": 0.25}"	"{""text_markup"": ""div.story_view_main div.story__text, div.story_view_normal div.story__text"", ""title_markup"": ""div.story_view_main a.link_theme_black, div.story_view_normal a.link_theme_black"", ""url_markup"": ""div.story_view_main a.link_theme_black, div.story_view_normal a.link_theme_black""}"	{}	ACTIVE
6	121	7_4722	news.yandex.ru/Belgorod	PaginatedSiteParser	https://news.yandex.ru/Belgorod/index.html	"{""sleep"": 0.25}"	"{""text_markup"": ""div.story_view_main div.story__text, div.story_view_normal div.story__text"", ""title_markup"": ""div.story_view_main a.link_theme_black, div.story_view_normal a.link_theme_black"", ""url_markup"": ""div.story_view_main a.link_theme_black, div.story_view_normal a.link_theme_black""}"	{}	ACTIVE
7	122	7_40143	news.yandex.ru/Bryansk	PaginatedSiteParser	https://news.yandex.ru/Bryansk/index.html	"{""sleep"": 0.25}"	"{""text_markup"": ""div.story_view_main div.story__text, div.story_view_normal div.story__text"", ""title_markup"": ""div.story_view_main a.link_theme_black, div.story_view_normal a.link_theme_black"", ""url_markup"": ""div.story_view_main a.link_theme_black, div.story_view_normal a.link_theme_black""}"	{}	ACTIVE
8	123	7_4922	news.yandex.ru/Vladimir	PaginatedSiteParser	https://news.yandex.ru/Vladimir/index.html	"{""sleep"": 0.25}"	"{""text_markup"": ""div.story_view_main div.story__text, div.story_view_normal div.story__text"", ""title_markup"": ""div.story_view_main a.link_theme_black, div.story_view_normal a.link_theme_black"", ""url_markup"": ""div.story_view_main a.link_theme_black, div.story_view_normal a.link_theme_black""}"	{}	ACTIVE
9	124	7_844	news.yandex.ru/Volgograd	PaginatedSiteParser	https://news.yandex.ru/Volgograd/index.html	"{""sleep"": 0.25}"	"{""text_markup"": ""div.story_view_main div.story__text, div.story_view_normal div.story__text"", ""title_markup"": ""div.story_view_main a.link_theme_black, div.story_view_normal a.link_theme_black"", ""url_markup"": ""div.story_view_main a.link_theme_black, div.story_view_normal a.link_theme_black""}"	{}	ACTIVE
10	125	7_8172	news.yandex.ru/Vologda	PaginatedSiteParser	https://news.yandex.ru/Vologda/index.html	"{""sleep"": 0.25}"	"{""text_markup"": ""div.story_view_main div.story__text, div.story_view_normal div.story__text"", ""title_markup"": ""div.story_view_main a.link_theme_black, div.story_view_normal a.link_theme_black"", ""url_markup"": ""div.story_view_main a.link_theme_black, div.story_view_normal a.link_theme_black""}"	{}	ACTIVE
11	126	7_4732	news.yandex.ru/Voronezh	PaginatedSiteParser	https://news.yandex.ru/Voronezh/index.html	"{""sleep"": 0.25}"	"{""text_markup"": ""div.story_view_main div.story__text, div.story_view_normal div.story__text"", ""title_markup"": ""div.story_view_main a.link_theme_black, div.story_view_normal a.link_theme_black"", ""url_markup"": ""div.story_view_main a.link_theme_black, div.story_view_normal a.link_theme_black""}"	{}	ACTIVE
12	127	7_42622	news.yandex.ru/Birobidgan	PaginatedSiteParser	https://news.yandex.ru/Birobidgan/index.html	"{""sleep"": 0.25}"	"{""text_markup"": ""div.story_view_main div.story__text, div.story_view_normal div.story__text"", ""title_markup"": ""div.story_view_main a.link_theme_black, div.story_view_normal a.link_theme_black"", ""url_markup"": ""div.story_view_main a.link_theme_black, div.story_view_normal a.link_theme_black""}"	{}	ACTIVE
13	128	7_3022	news.yandex.ru/Chita	PaginatedSiteParser	https://news.yandex.ru/Chita/index.html	"{""sleep"": 0.25}"	"{""text_markup"": ""div.story_view_main div.story__text, div.story_view_normal div.story__text"", ""title_markup"": ""div.story_view_main a.link_theme_black, div.story_view_normal a.link_theme_black"", ""url_markup"": ""div.story_view_main a.link_theme_black, div.story_view_normal a.link_theme_black""}"	{}	ACTIVE
14	129	7_35147	news.yandex.ru/Ivanovo	PaginatedSiteParser	https://news.yandex.ru/Ivanovo/index.html	"{""sleep"": 0.25}"	"{""text_markup"": ""div.story_view_main div.story__text, div.story_view_normal div.story__text"", ""title_markup"": ""div.story_view_main a.link_theme_black, div.story_view_normal a.link_theme_black"", ""url_markup"": ""div.story_view_main a.link_theme_black, div.story_view_normal a.link_theme_black""}"	{}	ACTIVE
15	130	7_3952	news.yandex.ru/Irkutsk	PaginatedSiteParser	https://news.yandex.ru/Irkutsk/index.html	"{""sleep"": 0.25}"	"{""text_markup"": ""div.story_view_main div.story__text, div.story_view_normal div.story__text"", ""title_markup"": ""div.story_view_main a.link_theme_black, div.story_view_normal a.link_theme_black"", ""url_markup"": ""div.story_view_main a.link_theme_black, div.story_view_normal a.link_theme_black""}"	{}	ACTIVE
16	131	7_86622	news.yandex.ru/Nalchik	PaginatedSiteParser	https://news.yandex.ru/Nalchik/index.html	"{""sleep"": 0.25}"	"{""text_markup"": ""div.story_view_main div.story__text, div.story_view_normal div.story__text"", ""title_markup"": ""div.story_view_main a.link_theme_black, div.story_view_normal a.link_theme_black"", ""url_markup"": ""div.story_view_main a.link_theme_black, div.story_view_normal a.link_theme_black""}"	{}	ACTIVE
17	132	7_4012	news.yandex.ru/Kaliningrad	PaginatedSiteParser	https://news.yandex.ru/Kaliningrad/index.html	"{""sleep"": 0.25}"	"{""text_markup"": ""div.story_view_main div.story__text, div.story_view_normal div.story__text"", ""title_markup"": ""div.story_view_main a.link_theme_black, div.story_view_normal a.link_theme_black"", ""url_markup"": ""div.story_view_main a.link_theme_black, div.story_view_normal a.link_theme_black""}"	{}	ACTIVE
18	133	7_4842	news.yandex.ru/Kaluga	PaginatedSiteParser	https://news.yandex.ru/Kaluga/index.html	"{""sleep"": 0.25}"	"{""text_markup"": ""div.story_view_main div.story__text, div.story_view_normal div.story__text"", ""title_markup"": ""div.story_view_main a.link_theme_black, div.story_view_normal a.link_theme_black"", ""url_markup"": ""div.story_view_main a.link_theme_black, div.story_view_normal a.link_theme_black""}"	{}	ACTIVE
19	134	7_87822	news.yandex.ru/Cherkessk	PaginatedSiteParser	https://news.yandex.ru/Cherkessk/index.html	"{""sleep"": 0.25}"	"{""text_markup"": ""div.story_view_main div.story__text, div.story_view_normal div.story__text"", ""title_markup"": ""div.story_view_main a.link_theme_black, div.story_view_normal a.link_theme_black"", ""url_markup"": ""div.story_view_main a.link_theme_black, div.story_view_normal a.link_theme_black""}"	{}	ACTIVE
20	135	7_3842	news.yandex.ru/Kemerovo	PaginatedSiteParser	https://news.yandex.ru/Kemerovo/index.html	"{""sleep"": 0.25}"	"{""text_markup"": ""div.story_view_main div.story__text, div.story_view_normal div.story__text"", ""title_markup"": ""div.story_view_main a.link_theme_black, div.story_view_normal a.link_theme_black"", ""url_markup"": ""div.story_view_main a.link_theme_black, div.story_view_normal a.link_theme_black""}"	{}	ACTIVE
21	136	7_34357	news.yandex.ru/Kirov	PaginatedSiteParser	https://news.yandex.ru/Kirov/index.html	"{""sleep"": 0.25}"	"{""text_markup"": ""div.story_view_main div.story__text, div.story_view_normal div.story__text"", ""title_markup"": ""div.story_view_main a.link_theme_black, div.story_view_normal a.link_theme_black"", ""url_markup"": ""div.story_view_main a.link_theme_black, div.story_view_normal a.link_theme_black""}"	{}	ACTIVE
22	137	7_40157	news.yandex.ru/Kostroma	PaginatedSiteParser	https://news.yandex.ru/Kostroma/index.html	"{""sleep"": 0.25}"	"{""text_markup"": ""div.story_view_main div.story__text, div.story_view_normal div.story__text"", ""title_markup"": ""div.story_view_main a.link_theme_black, div.story_view_normal a.link_theme_black"", ""url_markup"": ""div.story_view_main a.link_theme_black, div.story_view_normal a.link_theme_black""}"	{}	ACTIVE
23	138	7_8612	news.yandex.ru/Krasnodar	PaginatedSiteParser	https://news.yandex.ru/Krasnodar/index.html	"{""sleep"": 0.25}"	"{""text_markup"": ""div.story_view_main div.story__text, div.story_view_normal div.story__text"", ""title_markup"": ""div.story_view_main a.link_theme_black, div.story_view_normal a.link_theme_black"", ""url_markup"": ""div.story_view_main a.link_theme_black, div.story_view_normal a.link_theme_black""}"	{}	ACTIVE
24	139	7_3912	news.yandex.ru/Krasnoyarsk	PaginatedSiteParser	https://news.yandex.ru/Krasnoyarsk/index.html	"{""sleep"": 0.25}"	"{""text_markup"": ""div.story_view_main div.story__text, div.story_view_normal div.story__text"", ""title_markup"": ""div.story_view_main a.link_theme_black, div.story_view_normal a.link_theme_black"", ""url_markup"": ""div.story_view_main a.link_theme_black, div.story_view_normal a.link_theme_black""}"	{}	ACTIVE
25	140	7_35222	news.yandex.ru/Kurgan	PaginatedSiteParser	https://news.yandex.ru/Kurgan/index.html	"{""sleep"": 0.25}"	"{""text_markup"": ""div.story_view_main div.story__text, div.story_view_normal div.story__text"", ""title_markup"": ""div.story_view_main a.link_theme_black, div.story_view_normal a.link_theme_black"", ""url_markup"": ""div.story_view_main a.link_theme_black, div.story_view_normal a.link_theme_black""}"	{}	ACTIVE
26	141	7_4712	news.yandex.ru/Kursk	PaginatedSiteParser	https://news.yandex.ru/Kursk/index.html	"{""sleep"": 0.25}"	"{""text_markup"": ""div.story_view_main div.story__text, div.story_view_normal div.story__text"", ""title_markup"": ""div.story_view_main a.link_theme_black, div.story_view_normal a.link_theme_black"", ""url_markup"": ""div.story_view_main a.link_theme_black, div.story_view_normal a.link_theme_black""}"	{}	ACTIVE
27	142	7_4742	news.yandex.ru/Lipetsk	PaginatedSiteParser	https://news.yandex.ru/Lipetsk/index.html	"{""sleep"": 0.25}"	"{""text_markup"": ""div.story_view_main div.story__text, div.story_view_normal div.story__text"", ""title_markup"": ""div.story_view_main a.link_theme_black, div.story_view_normal a.link_theme_black"", ""url_markup"": ""div.story_view_main a.link_theme_black, div.story_view_normal a.link_theme_black""}"	{}	ACTIVE
28	143	7_41322	news.yandex.ru/Magadan	PaginatedSiteParser	https://news.yandex.ru/Magadan/index.html	"{""sleep"": 0.25}"	"{""text_markup"": ""div.story_view_main div.story__text, div.story_view_normal div.story__text"", ""title_markup"": ""div.story_view_main a.link_theme_black, div.story_view_normal a.link_theme_black"", ""url_markup"": ""div.story_view_main a.link_theme_black, div.story_view_normal a.link_theme_black""}"	{}	ACTIVE
29	144	7_495	news.yandex.ru/Moscow	PaginatedSiteParser	https://news.yandex.ru/Moscow/index.html	"{""sleep"": 0.25}"	"{""text_markup"": ""div.story_view_main div.story__text, div.story_view_normal div.story__text"", ""title_markup"": ""div.story_view_main a.link_theme_black, div.story_view_normal a.link_theme_black"", ""url_markup"": ""div.story_view_main a.link_theme_black, div.story_view_normal a.link_theme_black""}"	{}	ACTIVE
30	145	7_8152	news.yandex.ru/Murmansk	PaginatedSiteParser	https://news.yandex.ru/Murmansk/index.html	"{""sleep"": 0.25}"	"{""text_markup"": ""div.story_view_main div.story__text, div.story_view_normal div.story__text"", ""title_markup"": ""div.story_view_main a.link_theme_black, div.story_view_normal a.link_theme_black"", ""url_markup"": ""div.story_view_main a.link_theme_black, div.story_view_normal a.link_theme_black""}"	{}	ACTIVE
31	146	7_8312	news.yandex.ru/Nizhny_Novgorod	PaginatedSiteParser	https://news.yandex.ru/Nizhny_Novgorod/index.html	"{""sleep"": 0.25}"	"{""text_markup"": ""div.story_view_main div.story__text, div.story_view_normal div.story__text"", ""title_markup"": ""div.story_view_main a.link_theme_black, div.story_view_normal a.link_theme_black"", ""url_markup"": ""div.story_view_main a.link_theme_black, div.story_view_normal a.link_theme_black""}"	{}	ACTIVE
32	147	7_81622	news.yandex.ru/Veliky_Novgorod	PaginatedSiteParser	https://news.yandex.ru/Veliky_Novgorod/index.html	"{""sleep"": 0.25}"	"{""text_markup"": ""div.story_view_main div.story__text, div.story_view_normal div.story__text"", ""title_markup"": ""div.story_view_main a.link_theme_black, div.story_view_normal a.link_theme_black"", ""url_markup"": ""div.story_view_main a.link_theme_black, div.story_view_normal a.link_theme_black""}"	{}	ACTIVE
33	148	7_3832	news.yandex.ru/Novosibirsk	PaginatedSiteParser	https://news.yandex.ru/Novosibirsk/index.html	"{""sleep"": 0.25}"	"{""text_markup"": ""div.story_view_main div.story__text, div.story_view_normal div.story__text"", ""title_markup"": ""div.story_view_main a.link_theme_black, div.story_view_normal a.link_theme_black"", ""url_markup"": ""div.story_view_main a.link_theme_black, div.story_view_normal a.link_theme_black""}"	{}	ACTIVE
34	149	7_3812	news.yandex.ru/Omsk	PaginatedSiteParser	https://news.yandex.ru/Omsk/index.html	"{""sleep"": 0.25}"	"{""text_markup"": ""div.story_view_main div.story__text, div.story_view_normal div.story__text"", ""title_markup"": ""div.story_view_main a.link_theme_black, div.story_view_normal a.link_theme_black"", ""url_markup"": ""div.story_view_main a.link_theme_black, div.story_view_normal a.link_theme_black""}"	{}	ACTIVE
35	150	7_3532	news.yandex.ru/Orenburg	PaginatedSiteParser	https://news.yandex.ru/Orenburg/index.html	"{""sleep"": 0.25}"	"{""text_markup"": ""div.story_view_main div.story__text, div.story_view_normal div.story__text"", ""title_markup"": ""div.story_view_main a.link_theme_black, div.story_view_normal a.link_theme_black"", ""url_markup"": ""div.story_view_main a.link_theme_black, div.story_view_normal a.link_theme_black""}"	{}	ACTIVE
36	151	7_40151	news.yandex.ru/Orel	PaginatedSiteParser	https://news.yandex.ru/Orel/index.html	"{""sleep"": 0.25}"	"{""text_markup"": ""div.story_view_main div.story__text, div.story_view_normal div.story__text"", ""title_markup"": ""div.story_view_main a.link_theme_black, div.story_view_normal a.link_theme_black"", ""url_markup"": ""div.story_view_main a.link_theme_black, div.story_view_normal a.link_theme_black""}"	{}	ACTIVE
37	152	7_8412	news.yandex.ru/Penza	PaginatedSiteParser	https://news.yandex.ru/Penza/index.html	"{""sleep"": 0.25}"	"{""text_markup"": ""div.story_view_main div.story__text, div.story_view_normal div.story__text"", ""title_markup"": ""div.story_view_main a.link_theme_black, div.story_view_normal a.link_theme_black"", ""url_markup"": ""div.story_view_main a.link_theme_black, div.story_view_normal a.link_theme_black""}"	{}	ACTIVE
38	153	7_3422	news.yandex.ru/Perm	PaginatedSiteParser	https://news.yandex.ru/Perm/index.html	"{""sleep"": 0.25}"	"{""text_markup"": ""div.story_view_main div.story__text, div.story_view_normal div.story__text"", ""title_markup"": ""div.story_view_main a.link_theme_black, div.story_view_normal a.link_theme_black"", ""url_markup"": ""div.story_view_main a.link_theme_black, div.story_view_normal a.link_theme_black""}"	{}	ACTIVE
39	154	7_4232	news.yandex.ru/Vladivostok	PaginatedSiteParser	https://news.yandex.ru/Vladivostok/index.html	"{""sleep"": 0.25}"	"{""text_markup"": ""div.story_view_main div.story__text, div.story_view_normal div.story__text"", ""title_markup"": ""div.story_view_main a.link_theme_black, div.story_view_normal a.link_theme_black"", ""url_markup"": ""div.story_view_main a.link_theme_black, div.story_view_normal a.link_theme_black""}"	{}	ACTIVE
40	155	7_8112	news.yandex.ru/Pskov	PaginatedSiteParser	https://news.yandex.ru/Pskov/index.html	"{""sleep"": 0.25}"	"{""text_markup"": ""div.story_view_main div.story__text, div.story_view_normal div.story__text"", ""title_markup"": ""div.story_view_main a.link_theme_black, div.story_view_normal a.link_theme_black"", ""url_markup"": ""div.story_view_main a.link_theme_black, div.story_view_normal a.link_theme_black""}"	{}	ACTIVE
41	156	7_87722	news.yandex.ru/Maykop	PaginatedSiteParser	https://news.yandex.ru/Maykop/index.html	"{""sleep"": 0.25}"	"{""text_markup"": ""div.story_view_main div.story__text, div.story_view_normal div.story__text"", ""title_markup"": ""div.story_view_main a.link_theme_black, div.story_view_normal a.link_theme_black"", ""url_markup"": ""div.story_view_main a.link_theme_black, div.story_view_normal a.link_theme_black""}"	{}	ACTIVE
42	157	7_38822	news.yandex.ru/Gorno-Altaysk	PaginatedSiteParser	https://news.yandex.ru/Gorno-Altaysk/index.html	"{""sleep"": 0.25}"	"{""text_markup"": ""div.story_view_main div.story__text, div.story_view_normal div.story__text"", ""title_markup"": ""div.story_view_main a.link_theme_black, div.story_view_normal a.link_theme_black"", ""url_markup"": ""div.story_view_main a.link_theme_black, div.story_view_normal a.link_theme_black""}"	{}	ACTIVE
43	158	7_3472	news.yandex.ru/Ufa	PaginatedSiteParser	https://news.yandex.ru/Ufa/index.html	"{""sleep"": 0.25}"	"{""text_markup"": ""div.story_view_main div.story__text, div.story_view_normal div.story__text"", ""title_markup"": ""div.story_view_main a.link_theme_black, div.story_view_normal a.link_theme_black"", ""url_markup"": ""div.story_view_main a.link_theme_black, div.story_view_normal a.link_theme_black""}"	{}	ACTIVE
44	159	7_3012	news.yandex.ru/Ulan-Ude	PaginatedSiteParser	https://news.yandex.ru/Ulan-Ude/index.html	"{""sleep"": 0.25}"	"{""text_markup"": ""div.story_view_main div.story__text, div.story_view_normal div.story__text"", ""title_markup"": ""div.story_view_main a.link_theme_black, div.story_view_normal a.link_theme_black"", ""url_markup"": ""div.story_view_main a.link_theme_black, div.story_view_normal a.link_theme_black""}"	{}	ACTIVE
45	160	7_8722	news.yandex.ru/Makhachkala	PaginatedSiteParser	https://news.yandex.ru/Makhachkala/index.html	"{""sleep"": 0.25}"	"{""text_markup"": ""div.story_view_main div.story__text, div.story_view_normal div.story__text"", ""title_markup"": ""div.story_view_main a.link_theme_black, div.story_view_normal a.link_theme_black"", ""url_markup"": ""div.story_view_main a.link_theme_black, div.story_view_normal a.link_theme_black""}"	{}	ACTIVE
46	161	7_8142	news.yandex.ru/Petrozavodsk	PaginatedSiteParser	https://news.yandex.ru/Petrozavodsk/index.html	"{""sleep"": 0.25}"	"{""text_markup"": ""div.story_view_main div.story__text, div.story_view_normal div.story__text"", ""title_markup"": ""div.story_view_main a.link_theme_black, div.story_view_normal a.link_theme_black"", ""url_markup"": ""div.story_view_main a.link_theme_black, div.story_view_normal a.link_theme_black""}"	{}	ACTIVE
47	162	7_8212	news.yandex.ru/Syktyvkar	PaginatedSiteParser	https://news.yandex.ru/Syktyvkar/index.html	"{""sleep"": 0.25}"	"{""text_markup"": ""div.story_view_main div.story__text, div.story_view_normal div.story__text"", ""title_markup"": ""div.story_view_main a.link_theme_black, div.story_view_normal a.link_theme_black"", ""url_markup"": ""div.story_view_main a.link_theme_black, div.story_view_normal a.link_theme_black""}"	{}	ACTIVE
48	163	7_8362	news.yandex.ru/Yoshkar-Ola	PaginatedSiteParser	https://news.yandex.ru/Yoshkar-Ola/index.html	"{""sleep"": 0.25}"	"{""text_markup"": ""div.story_view_main div.story__text, div.story_view_normal div.story__text"", ""title_markup"": ""div.story_view_main a.link_theme_black, div.story_view_normal a.link_theme_black"", ""url_markup"": ""div.story_view_main a.link_theme_black, div.story_view_normal a.link_theme_black""}"	{}	ACTIVE
49	164	7_40158	news.yandex.ru/Saransk	PaginatedSiteParser	https://news.yandex.ru/Saransk/index.html	"{""sleep"": 0.25}"	"{""text_markup"": ""div.story_view_main div.story__text, div.story_view_normal div.story__text"", ""title_markup"": ""div.story_view_main a.link_theme_black, div.story_view_normal a.link_theme_black"", ""url_markup"": ""div.story_view_main a.link_theme_black, div.story_view_normal a.link_theme_black""}"	{}	ACTIVE
50	165	7_4112	news.yandex.ru/Yakutsk	PaginatedSiteParser	https://news.yandex.ru/Yakutsk/index.html	"{""sleep"": 0.25}"	"{""text_markup"": ""div.story_view_main div.story__text, div.story_view_normal div.story__text"", ""title_markup"": ""div.story_view_main a.link_theme_black, div.story_view_normal a.link_theme_black"", ""url_markup"": ""div.story_view_main a.link_theme_black, div.story_view_normal a.link_theme_black""}"	{}	ACTIVE
51	166	7_8672	news.yandex.ru/Vladikavkaz	PaginatedSiteParser	https://news.yandex.ru/Vladikavkaz/index.html	"{""sleep"": 0.25}"	"{""text_markup"": ""div.story_view_main div.story__text, div.story_view_normal div.story__text"", ""title_markup"": ""div.story_view_main a.link_theme_black, div.story_view_normal a.link_theme_black"", ""url_markup"": ""div.story_view_main a.link_theme_black, div.story_view_normal a.link_theme_black""}"	{}	ACTIVE
52	167	7_843	news.yandex.ru/Kazan	PaginatedSiteParser	https://news.yandex.ru/Kazan/index.html	"{""sleep"": 0.25}"	"{""text_markup"": ""div.story_view_main div.story__text, div.story_view_normal div.story__text"", ""title_markup"": ""div.story_view_main a.link_theme_black, div.story_view_normal a.link_theme_black"", ""url_markup"": ""div.story_view_main a.link_theme_black, div.story_view_normal a.link_theme_black""}"	{}	ACTIVE
53	168	7_39022	news.yandex.ru/Abakan	PaginatedSiteParser	https://news.yandex.ru/Abakan/index.html	"{""sleep"": 0.25}"	"{""text_markup"": ""div.story_view_main div.story__text, div.story_view_normal div.story__text"", ""title_markup"": ""div.story_view_main a.link_theme_black, div.story_view_normal a.link_theme_black"", ""url_markup"": ""div.story_view_main a.link_theme_black, div.story_view_normal a.link_theme_black""}"	{}	ACTIVE
54	169	7_4912	news.yandex.ru/Ryazan	PaginatedSiteParser	https://news.yandex.ru/Ryazan/index.html	"{""sleep"": 0.25}"	"{""text_markup"": ""div.story_view_main div.story__text, div.story_view_normal div.story__text"", ""title_markup"": ""div.story_view_main a.link_theme_black, div.story_view_normal a.link_theme_black"", ""url_markup"": ""div.story_view_main a.link_theme_black, div.story_view_normal a.link_theme_black""}"	{}	ACTIVE
55	170	7_8462	news.yandex.ru/Samara	PaginatedSiteParser	https://news.yandex.ru/Samara/index.html	"{""sleep"": 0.25}"	"{""text_markup"": ""div.story_view_main div.story__text, div.story_view_normal div.story__text"", ""title_markup"": ""div.story_view_main a.link_theme_black, div.story_view_normal a.link_theme_black"", ""url_markup"": ""div.story_view_main a.link_theme_black, div.story_view_normal a.link_theme_black""}"	{}	ACTIVE
56	171	7_812	news.yandex.ru/Saint_Petersburg	PaginatedSiteParser	https://news.yandex.ru/Saint_Petersburg/index.html	"{""sleep"": 0.25}"	"{""text_markup"": ""div.story_view_main div.story__text, div.story_view_normal div.story__text"", ""title_markup"": ""div.story_view_main a.link_theme_black, div.story_view_normal a.link_theme_black"", ""url_markup"": ""div.story_view_main a.link_theme_black, div.story_view_normal a.link_theme_black""}"	{}	ACTIVE
57	172	7_8452	news.yandex.ru/Saratov	PaginatedSiteParser	https://news.yandex.ru/Saratov/index.html	"{""sleep"": 0.25}"	"{""text_markup"": ""div.story_view_main div.story__text, div.story_view_normal div.story__text"", ""title_markup"": ""div.story_view_main a.link_theme_black, div.story_view_normal a.link_theme_black"", ""url_markup"": ""div.story_view_main a.link_theme_black, div.story_view_normal a.link_theme_black""}"	{}	ACTIVE
58	173	7_4242	news.yandex.ru/Yuzhno-Sakhalinsk	PaginatedSiteParser	https://news.yandex.ru/Yuzhno-Sakhalinsk/index.html	"{""sleep"": 0.25}"	"{""text_markup"": ""div.story_view_main div.story__text, div.story_view_normal div.story__text"", ""title_markup"": ""div.story_view_main a.link_theme_black, div.story_view_normal a.link_theme_black"", ""url_markup"": ""div.story_view_main a.link_theme_black, div.story_view_normal a.link_theme_black""}"	{}	ACTIVE
59	174	7_343	news.yandex.ru/Yekaterinburg	PaginatedSiteParser	https://news.yandex.ru/Yekaterinburg/index.html	"{""sleep"": 0.25}"	"{""text_markup"": ""div.story_view_main div.story__text, div.story_view_normal div.story__text"", ""title_markup"": ""div.story_view_main a.link_theme_black, div.story_view_normal a.link_theme_black"", ""url_markup"": ""div.story_view_main a.link_theme_black, div.story_view_normal a.link_theme_black""}"	{}	ACTIVE
60	175	7_4812	news.yandex.ru/Smolensk	PaginatedSiteParser	https://news.yandex.ru/Smolensk/index.html	"{""sleep"": 0.25}"	"{""text_markup"": ""div.story_view_main div.story__text, div.story_view_normal div.story__text"", ""title_markup"": ""div.story_view_main a.link_theme_black, div.story_view_normal a.link_theme_black"", ""url_markup"": ""div.story_view_main a.link_theme_black, div.story_view_normal a.link_theme_black""}"	{}	ACTIVE
61	176	7_8652	news.yandex.ru/Stavropol	PaginatedSiteParser	https://news.yandex.ru/Stavropol/index.html	"{""sleep"": 0.25}"	"{""text_markup"": ""div.story_view_main div.story__text, div.story_view_normal div.story__text"", ""title_markup"": ""div.story_view_main a.link_theme_black, div.story_view_normal a.link_theme_black"", ""url_markup"": ""div.story_view_main a.link_theme_black, div.story_view_normal a.link_theme_black""}"	{}	ACTIVE
62	198	7_8172	vologda.aif.ru	PaginatedSiteParser	http://www.vologda.aif.ru/news	"{""sleep"": 0.25}"	"{""text_markup"": ""div.data_text a.data_anons"", ""title_markup"": ""div.data_text h2.data_title a"", ""url_markup"": ""div.data_text h2.data_title a""}"	{}	ACTIVE
63	177	7_4752	news.yandex.ru/Tambov	PaginatedSiteParser	https://news.yandex.ru/Tambov/index.html	"{""sleep"": 0.25}"	"{""text_markup"": ""div.story_view_main div.story__text, div.story_view_normal div.story__text"", ""title_markup"": ""div.story_view_main a.link_theme_black, div.story_view_normal a.link_theme_black"", ""url_markup"": ""div.story_view_main a.link_theme_black, div.story_view_normal a.link_theme_black""}"	{}	ACTIVE
64	178	7_48222	news.yandex.ru/Tver	PaginatedSiteParser	https://news.yandex.ru/Tver/index.html	"{""sleep"": 0.25}"	"{""text_markup"": ""div.story_view_main div.story__text, div.story_view_normal div.story__text"", ""title_markup"": ""div.story_view_main a.link_theme_black, div.story_view_normal a.link_theme_black"", ""url_markup"": ""div.story_view_main a.link_theme_black, div.story_view_normal a.link_theme_black""}"	{}	ACTIVE
65	179	7_3822	news.yandex.ru/Tomsk	PaginatedSiteParser	https://news.yandex.ru/Tomsk/index.html	"{""sleep"": 0.25}"	"{""text_markup"": ""div.story_view_main div.story__text, div.story_view_normal div.story__text"", ""title_markup"": ""div.story_view_main a.link_theme_black, div.story_view_normal a.link_theme_black"", ""url_markup"": ""div.story_view_main a.link_theme_black, div.story_view_normal a.link_theme_black""}"	{}	ACTIVE
66	180	7_4872	news.yandex.ru/Tula	PaginatedSiteParser	https://news.yandex.ru/Tula/index.html	"{""sleep"": 0.25}"	"{""text_markup"": ""div.story_view_main div.story__text, div.story_view_normal div.story__text"", ""title_markup"": ""div.story_view_main a.link_theme_black, div.story_view_normal a.link_theme_black"", ""url_markup"": ""div.story_view_main a.link_theme_black, div.story_view_normal a.link_theme_black""}"	{}	ACTIVE
67	181	7_3452	news.yandex.ru/Tyumen	PaginatedSiteParser	https://news.yandex.ru/Tyumen/index.html	"{""sleep"": 0.25}"	"{""text_markup"": ""div.story_view_main div.story__text, div.story_view_normal div.story__text"", ""title_markup"": ""div.story_view_main a.link_theme_black, div.story_view_normal a.link_theme_black"", ""url_markup"": ""div.story_view_main a.link_theme_black, div.story_view_normal a.link_theme_black""}"	{}	ACTIVE
68	182	7_3412	news.yandex.ru/Izhevsk	PaginatedSiteParser	https://news.yandex.ru/Izhevsk/index.html	"{""sleep"": 0.25}"	"{""text_markup"": ""div.story_view_main div.story__text, div.story_view_normal div.story__text"", ""title_markup"": ""div.story_view_main a.link_theme_black, div.story_view_normal a.link_theme_black"", ""url_markup"": ""div.story_view_main a.link_theme_black, div.story_view_normal a.link_theme_black""}"	{}	ACTIVE
69	183	7_8422	news.yandex.ru/Ulyanovsk	PaginatedSiteParser	https://news.yandex.ru/Ulyanovsk/index.html	"{""sleep"": 0.25}"	"{""text_markup"": ""div.story_view_main div.story__text, div.story_view_normal div.story__text"", ""title_markup"": ""div.story_view_main a.link_theme_black, div.story_view_normal a.link_theme_black"", ""url_markup"": ""div.story_view_main a.link_theme_black, div.story_view_normal a.link_theme_black""}"	{}	ACTIVE
70	184	7_4212	news.yandex.ru/Khabarovsk	PaginatedSiteParser	https://news.yandex.ru/Khabarovsk/index.html	"{""sleep"": 0.25}"	"{""text_markup"": ""div.story_view_main div.story__text, div.story_view_normal div.story__text"", ""title_markup"": ""div.story_view_main a.link_theme_black, div.story_view_normal a.link_theme_black"", ""url_markup"": ""div.story_view_main a.link_theme_black, div.story_view_normal a.link_theme_black""}"	{}	ACTIVE
71	185	7_3467	news.yandex.ru/Khanty-Mansiysk	PaginatedSiteParser	https://news.yandex.ru/Khanty-Mansiysk/index.html	"{""sleep"": 0.25}"	"{""text_markup"": ""div.story_view_main div.story__text, div.story_view_normal div.story__text"", ""title_markup"": ""div.story_view_main a.link_theme_black, div.story_view_normal a.link_theme_black"", ""url_markup"": ""div.story_view_main a.link_theme_black, div.story_view_normal a.link_theme_black""}"	{}	ACTIVE
72	186	7_3512	news.yandex.ru/Chelyabinsk	PaginatedSiteParser	https://news.yandex.ru/Chelyabinsk/index.html	"{""sleep"": 0.25}"	"{""text_markup"": ""div.story_view_main div.story__text, div.story_view_normal div.story__text"", ""title_markup"": ""div.story_view_main a.link_theme_black, div.story_view_normal a.link_theme_black"", ""url_markup"": ""div.story_view_main a.link_theme_black, div.story_view_normal a.link_theme_black""}"	{}	ACTIVE
73	187	7_8352	news.yandex.ru/Cheboksary	PaginatedSiteParser	https://news.yandex.ru/Cheboksary/index.html	"{""sleep"": 0.25}"	"{""text_markup"": ""div.story_view_main div.story__text, div.story_view_normal div.story__text"", ""title_markup"": ""div.story_view_main a.link_theme_black, div.story_view_normal a.link_theme_black"", ""url_markup"": ""div.story_view_main a.link_theme_black, div.story_view_normal a.link_theme_black""}"	{}	ACTIVE
74	188	7_4852	news.yandex.ru/Yaroslavl	PaginatedSiteParser	https://news.yandex.ru/Yaroslavl/index.html	"{""sleep"": 0.25}"	"{""text_markup"": ""div.story_view_main div.story__text, div.story_view_normal div.story__text"", ""title_markup"": ""div.story_view_main a.link_theme_black, div.story_view_normal a.link_theme_black"", ""url_markup"": ""div.story_view_main a.link_theme_black, div.story_view_normal a.link_theme_black""}"	{}	ACTIVE
75	189	7_863	donday.ru/obshhestvo	PaginatedSiteParser	http://donday.ru/obshhestvo/page/{page}/	"{""page"": [1, 2]}"	"{""text_markup"": ""div#dle-content > div.base.shortstory > div.maincont > a"", ""title_markup"": ""h3.btl"", ""url_markup"": ""h3.btl a""}"	{}	ACTIVE
76	190	7_863	donday.ru/proisshestviya	PaginatedSiteParser	http://donday.ru/proisshestviya/page/{page}/	"{""page"": [1, 2]}"	"{""text_markup"": ""div#dle-content > div.base.shortstory > div.maincont > a"", ""title_markup"": ""h3.btl"", ""url_markup"": ""h3.btl a""}"	{}	ACTIVE
77	191	7_812	spb.aif.ru	PaginatedSiteParser	http://www.spb.aif.ru/news	"{""sleep"": 0.25}"	"{""text_markup"": ""div.data_text a.data_anons"", ""title_markup"": ""div.data_text h2.data_title a"", ""url_markup"": ""div.data_text h2.data_title a""}"	{}	ACTIVE
78	192	7_8182	arh.aif.ru	PaginatedSiteParser	http://www.arh.aif.ru/news	"{""sleep"": 0.25}"	"{""text_markup"": ""div.data_text a.data_anons"", ""title_markup"": ""div.data_text h2.data_title a"", ""url_markup"": ""div.data_text h2.data_title a""}"	{}	ACTIVE
79	193	7_3852	altai.aif.ru	PaginatedSiteParser	http://www.altai.aif.ru/news	"{""sleep"": 0.25}"	"{""text_markup"": ""div.data_text a.data_anons"", ""title_markup"": ""div.data_text h2.data_title a"", ""url_markup"": ""div.data_text h2.data_title a""}"	{}	ACTIVE
80	194	7_48322	bryansk.aif.ru	PaginatedSiteParser	http://www.bryansk.aif.ru/news	"{""sleep"": 0.25}"	"{""text_markup"": ""div.data_text a.data_anons"", ""title_markup"": ""div.data_text h2.data_title a"", ""url_markup"": ""div.data_text h2.data_title a""}"	{}	ACTIVE
81	195	7_4232	vl.aif.ru	PaginatedSiteParser	http://www.vl.aif.ru/news	"{""sleep"": 0.25}"	"{""text_markup"": ""div.data_text a.data_anons"", ""title_markup"": ""div.data_text h2.data_title a"", ""url_markup"": ""div.data_text h2.data_title a""}"	{}	ACTIVE
82	196	7_4922	vlad.aif.ru	PaginatedSiteParser	http://www.vlad.aif.ru/news	"{""sleep"": 0.25}"	"{""text_markup"": ""div.data_text a.data_anons"", ""title_markup"": ""div.data_text h2.data_title a"", ""url_markup"": ""div.data_text h2.data_title a""}"	{}	ACTIVE
83	197	7_844	vlg.aif.ru	PaginatedSiteParser	http://www.vlg.aif.ru/news	"{""sleep"": 0.25}"	"{""text_markup"": ""div.data_text a.data_anons"", ""title_markup"": ""div.data_text h2.data_title a"", ""url_markup"": ""div.data_text h2.data_title a""}"	{}	ACTIVE
84	199	7_4922	vlad.aif.ru/ivanovo	PaginatedSiteParser	http://www.vlad.aif.ru/ivanovo/news	"{""sleep"": 0.25}"	"{""text_markup"": ""div.data_text a.data_anons"", ""title_markup"": ""div.data_text h2.data_title a"", ""url_markup"": ""div.data_text h2.data_title a""}"	{}	ACTIVE
85	200	7_3952	irk.aif.ru	PaginatedSiteParser	http://www.irk.aif.ru/news	"{""sleep"": 0.25}"	"{""text_markup"": ""div.data_text a.data_anons"", ""title_markup"": ""div.data_text h2.data_title a"", ""url_markup"": ""div.data_text h2.data_title a""}"	{}	ACTIVE
86	201	7_843	kazan.aif.ru	PaginatedSiteParser	http://www.kazan.aif.ru/news	"{""sleep"": 0.25}"	"{""text_markup"": ""div.data_text a.data_anons"", ""title_markup"": ""div.data_text h2.data_title a"", ""url_markup"": ""div.data_text h2.data_title a""}"	{}	ACTIVE
87	202	7_4012	klg.aif.ru	PaginatedSiteParser	http://www.klg.aif.ru/news	"{""sleep"": 0.25}"	"{""text_markup"": ""div.data_text a.data_anons"", ""title_markup"": ""div.data_text h2.data_title a"", ""url_markup"": ""div.data_text h2.data_title a""}"	{}	ACTIVE
88	203	7_48456	kirov.aif.ru	PaginatedSiteParser	http://www.kirov.aif.ru/news	"{""sleep"": 0.25}"	"{""text_markup"": ""div.data_text a.data_anons"", ""title_markup"": ""div.data_text h2.data_title a"", ""url_markup"": ""div.data_text h2.data_title a""}"	{}	ACTIVE
89	204	7_4922	vlad.aif.ru/kostroma	PaginatedSiteParser	http://www.vlad.aif.ru/kostroma/news	"{""sleep"": 0.25}"	"{""text_markup"": ""div.data_text a.data_anons"", ""title_markup"": ""div.data_text h2.data_title a"", ""url_markup"": ""div.data_text h2.data_title a""}"	{}	ACTIVE
90	205	7_3912	krsk.aif.ru	PaginatedSiteParser	http://www.krsk.aif.ru/news	"{""sleep"": 0.25}"	"{""text_markup"": ""div.data_text a.data_anons"", ""title_markup"": ""div.data_text h2.data_title a"", ""url_markup"": ""div.data_text h2.data_title a""}"	{}	ACTIVE
91	206	7_8152	murmansk.aif.ru	PaginatedSiteParser	http://www.murmansk.aif.ru/news	"{""sleep"": 0.25}"	"{""text_markup"": ""div.data_text a.data_anons"", ""title_markup"": ""div.data_text h2.data_title a"", ""url_markup"": ""div.data_text h2.data_title a""}"	{}	ACTIVE
92	207	7_8312	nn.aif.ru	PaginatedSiteParser	http://www.nn.aif.ru/news	"{""sleep"": 0.25}"	"{""text_markup"": ""div.data_text a.data_anons"", ""title_markup"": ""div.data_text h2.data_title a"", ""url_markup"": ""div.data_text h2.data_title a""}"	{}	ACTIVE
93	208	7_3832	nsk.aif.ru	PaginatedSiteParser	http://www.nsk.aif.ru/news	"{""sleep"": 0.25}"	"{""text_markup"": ""div.data_text a.data_anons"", ""title_markup"": ""div.data_text h2.data_title a"", ""url_markup"": ""div.data_text h2.data_title a""}"	{}	ACTIVE
94	209	7_3812	omsk.aif.ru	PaginatedSiteParser	http://www.omsk.aif.ru/news	"{""sleep"": 0.25}"	"{""text_markup"": ""div.data_text a.data_anons"", ""title_markup"": ""div.data_text h2.data_title a"", ""url_markup"": ""div.data_text h2.data_title a""}"	{}	ACTIVE
95	210	7_3532	oren.aif.ru	PaginatedSiteParser	http://www.oren.aif.ru/news	"{""sleep"": 0.25}"	"{""text_markup"": ""div.data_text a.data_anons"", ""title_markup"": ""div.data_text h2.data_title a"", ""url_markup"": ""div.data_text h2.data_title a""}"	{}	ACTIVE
96	211	7_8412	penza.aif.ru	PaginatedSiteParser	http://www.penza.aif.ru/news	"{""sleep"": 0.25}"	"{""text_markup"": ""div.data_text a.data_anons"", ""title_markup"": ""div.data_text h2.data_title a"", ""url_markup"": ""div.data_text h2.data_title a""}"	{}	ACTIVE
97	212	7_3422	perm.aif.ru	PaginatedSiteParser	http://www.perm.aif.ru/news	"{""sleep"": 0.25}"	"{""text_markup"": ""div.data_text a.data_anons"", ""title_markup"": ""div.data_text h2.data_title a"", ""url_markup"": ""div.data_text h2.data_title a""}"	{}	ACTIVE
98	213	7_8112	pskov.aif.ru	PaginatedSiteParser	http://www.pskov.aif.ru/news	"{""sleep"": 0.25}"	"{""text_markup"": ""div.data_text a.data_anons"", ""title_markup"": ""div.data_text h2.data_title a"", ""url_markup"": ""div.data_text h2.data_title a""}"	{}	ACTIVE
99	214	7_4912	rzn.aif.ru	PaginatedSiteParser	http://www.rzn.aif.ru/news	"{""sleep"": 0.25}"	"{""text_markup"": ""div.data_text a.data_anons"", ""title_markup"": ""div.data_text h2.data_title a"", ""url_markup"": ""div.data_text h2.data_title a""}"	{}	ACTIVE
100	215	7_8462	samara.aif.ru	PaginatedSiteParser	http://www.samara.aif.ru/news	"{""sleep"": 0.25}"	"{""text_markup"": ""div.data_text a.data_anons"", ""title_markup"": ""div.data_text h2.data_title a"", ""url_markup"": ""div.data_text h2.data_title a""}"	{}	ACTIVE
101	216	7_8452	saratov.aif.ru	PaginatedSiteParser	http://www.saratov.aif.ru/news	"{""sleep"": 0.25}"	"{""text_markup"": ""div.data_text a.data_anons"", ""title_markup"": ""div.data_text h2.data_title a"", ""url_markup"": ""div.data_text h2.data_title a""}"	{}	ACTIVE
102	217	7_4812	smol.aif.ru	PaginatedSiteParser	http://www.smol.aif.ru/news	"{""sleep"": 0.25}"	"{""text_markup"": ""div.data_text a.data_anons"", ""title_markup"": ""div.data_text h2.data_title a"", ""url_markup"": ""div.data_text h2.data_title a""}"	{}	ACTIVE
103	218	7_8652	stav.aif.ru	PaginatedSiteParser	http://www.stav.aif.ru/news	"{""sleep"": 0.25}"	"{""text_markup"": ""div.data_text a.data_anons"", ""title_markup"": ""div.data_text h2.data_title a"", ""url_markup"": ""div.data_text h2.data_title a""}"	{}	ACTIVE
104	219	7_48222	tver.aif.ru	PaginatedSiteParser	http://www.tver.aif.ru/news	"{""sleep"": 0.25}"	"{""text_markup"": ""div.data_text a.data_anons"", ""title_markup"": ""div.data_text h2.data_title a"", ""url_markup"": ""div.data_text h2.data_title a""}"	{}	ACTIVE
105	220	7_3822	tomsk.aif.ru	PaginatedSiteParser	http://www.tomsk.aif.ru/news	"{""sleep"": 0.25}"	"{""text_markup"": ""div.data_text a.data_anons"", ""title_markup"": ""div.data_text h2.data_title a"", ""url_markup"": ""div.data_text h2.data_title a""}"	{}	ACTIVE
106	221	7_4872	tula.aif.ru	PaginatedSiteParser	http://www.tula.aif.ru/news	"{""sleep"": 0.25}"	"{""text_markup"": ""div.data_text a.data_anons"", ""title_markup"": ""div.data_text h2.data_title a"", ""url_markup"": ""div.data_text h2.data_title a""}"	{}	ACTIVE
107	222	7_3452	tmn.aif.ru	PaginatedSiteParser	http://www.tmn.aif.ru/news	"{""sleep"": 0.25}"	"{""text_markup"": ""div.data_text a.data_anons"", ""title_markup"": ""div.data_text h2.data_title a"", ""url_markup"": ""div.data_text h2.data_title a""}"	{}	ACTIVE
108	223	7_8422	ul.aif.ru	PaginatedSiteParser	http://www.ul.aif.ru/news	"{""sleep"": 0.25}"	"{""text_markup"": ""div.data_text a.data_anons"", ""title_markup"": ""div.data_text h2.data_title a"", ""url_markup"": ""div.data_text h2.data_title a""}"	{}	ACTIVE
109	224	7_3472	ufa.aif.ru	PaginatedSiteParser	http://www.ufa.aif.ru/news	"{""sleep"": 0.25}"	"{""text_markup"": ""div.data_text a.data_anons"", ""title_markup"": ""div.data_text h2.data_title a"", ""url_markup"": ""div.data_text h2.data_title a""}"	{}	ACTIVE
110	225	7_4212	hab.aif.ru	PaginatedSiteParser	http://www.hab.aif.ru/news	"{""sleep"": 0.25}"	"{""text_markup"": ""div.data_text a.data_anons"", ""title_markup"": ""div.data_text h2.data_title a"", ""url_markup"": ""div.data_text h2.data_title a""}"	{}	ACTIVE
111	226	7_3512	chel.aif.ru	PaginatedSiteParser	http://www.chel.aif.ru/news	"{""sleep"": 0.25}"	"{""text_markup"": ""div.data_text a.data_anons"", ""title_markup"": ""div.data_text h2.data_title a"", ""url_markup"": ""div.data_text h2.data_title a""}"	{}	ACTIVE
112	227	7_3022	chita.aif.ru	PaginatedSiteParser	http://www.chita.aif.ru/news	"{""sleep"": 0.25}"	"{""text_markup"": ""div.data_text a.data_anons"", ""title_markup"": ""div.data_text h2.data_title a"", ""url_markup"": ""div.data_text h2.data_title a""}"	{}	ACTIVE
113	228	7_4852	yar.aif.ru	PaginatedSiteParser	http://www.yar.aif.ru/news	"{""sleep"": 0.25}"	"{""text_markup"": ""div.data_text a.data_anons"", ""title_markup"": ""div.data_text h2.data_title a"", ""url_markup"": ""div.data_text h2.data_title a""}"	{}	ACTIVE
