base_url	city_id	clean_params	fetch_params	parse_params	parser	source
http://sterlitamakcity.ru/news.html?start={start}	7_3473	"{""delete"": [""Подробнее... \\d+ комментари.+""]}"	"{""start"": [0, 10]}"	"{""text_markup"": ""div.article-content"", ""title_markup"": ""a.contentpagetitle"", ""url_markup"": ""a.contentpagetitle""}"	PaginatedSiteParser	sterlitamakcity.ru
http://www.mk.ru/moscow/{page}/	7_495	{ }	"{""page"": [1, 2]}"	"{""text_markup"": ""ul.big_listing p.text"", ""title_markup"": ""ul.big_listing a.mkh2"", ""url_markup"": ""ul.big_listing a.mkh2""}"	PaginatedSiteParser	mk.ru/moscow
https://news.yandex.ru/Barnaul/index.html	7_3852	{}	"{""sleep"": 0.25}"	"{""text_markup"": ""div.story_view_main div.story__text, div.story_view_normal div.story__text"", ""title_markup"": ""div.story_view_main a.link_theme_black, div.story_view_normal a.link_theme_black"", ""url_markup"": ""div.story_view_main a.link_theme_black, div.story_view_normal a.link_theme_black""}"	PaginatedSiteParser	news.yandex.ru/Barnaul
https://news.yandex.ru/Blagoveshchensk/index.html	7_34766	{}	"{""sleep"": 0.25}"	"{""text_markup"": ""div.story_view_main div.story__text, div.story_view_normal div.story__text"", ""title_markup"": ""div.story_view_main a.link_theme_black, div.story_view_normal a.link_theme_black"", ""url_markup"": ""div.story_view_main a.link_theme_black, div.story_view_normal a.link_theme_black""}"	PaginatedSiteParser	news.yandex.ru/Blagoveshchensk
https://news.yandex.ru/Arhangelsk/index.html	7_8182	{}	"{""sleep"": 0.25}"	"{""text_markup"": ""div.story_view_main div.story__text, div.story_view_normal div.story__text"", ""title_markup"": ""div.story_view_main a.link_theme_black, div.story_view_normal a.link_theme_black"", ""url_markup"": ""div.story_view_main a.link_theme_black, div.story_view_normal a.link_theme_black""}"	PaginatedSiteParser	news.yandex.ru/Arhangelsk
https://news.yandex.ru/Astrahan/index.html	7_8512	{}	"{""sleep"": 0.25}"	"{""text_markup"": ""div.story_view_main div.story__text, div.story_view_normal div.story__text"", ""title_markup"": ""div.story_view_main a.link_theme_black, div.story_view_normal a.link_theme_black"", ""url_markup"": ""div.story_view_main a.link_theme_black, div.story_view_normal a.link_theme_black""}"	PaginatedSiteParser	news.yandex.ru/Astrahan
https://news.yandex.ru/Belgorod/index.html	7_4722	{}	"{""sleep"": 0.25}"	"{""text_markup"": ""div.story_view_main div.story__text, div.story_view_normal div.story__text"", ""title_markup"": ""div.story_view_main a.link_theme_black, div.story_view_normal a.link_theme_black"", ""url_markup"": ""div.story_view_main a.link_theme_black, div.story_view_normal a.link_theme_black""}"	PaginatedSiteParser	news.yandex.ru/Belgorod
https://news.yandex.ru/Bryansk/index.html	7_40143	{}	"{""sleep"": 0.25}"	"{""text_markup"": ""div.story_view_main div.story__text, div.story_view_normal div.story__text"", ""title_markup"": ""div.story_view_main a.link_theme_black, div.story_view_normal a.link_theme_black"", ""url_markup"": ""div.story_view_main a.link_theme_black, div.story_view_normal a.link_theme_black""}"	PaginatedSiteParser	news.yandex.ru/Bryansk
https://news.yandex.ru/Vladimir/index.html	7_4922	{}	"{""sleep"": 0.25}"	"{""text_markup"": ""div.story_view_main div.story__text, div.story_view_normal div.story__text"", ""title_markup"": ""div.story_view_main a.link_theme_black, div.story_view_normal a.link_theme_black"", ""url_markup"": ""div.story_view_main a.link_theme_black, div.story_view_normal a.link_theme_black""}"	PaginatedSiteParser	news.yandex.ru/Vladimir
https://news.yandex.ru/Volgograd/index.html	7_844	{}	"{""sleep"": 0.25}"	"{""text_markup"": ""div.story_view_main div.story__text, div.story_view_normal div.story__text"", ""title_markup"": ""div.story_view_main a.link_theme_black, div.story_view_normal a.link_theme_black"", ""url_markup"": ""div.story_view_main a.link_theme_black, div.story_view_normal a.link_theme_black""}"	PaginatedSiteParser	news.yandex.ru/Volgograd
https://news.yandex.ru/Vologda/index.html	7_8172	{}	"{""sleep"": 0.25}"	"{""text_markup"": ""div.story_view_main div.story__text, div.story_view_normal div.story__text"", ""title_markup"": ""div.story_view_main a.link_theme_black, div.story_view_normal a.link_theme_black"", ""url_markup"": ""div.story_view_main a.link_theme_black, div.story_view_normal a.link_theme_black""}"	PaginatedSiteParser	news.yandex.ru/Vologda
https://news.yandex.ru/Voronezh/index.html	7_4732	{}	"{""sleep"": 0.25}"	"{""text_markup"": ""div.story_view_main div.story__text, div.story_view_normal div.story__text"", ""title_markup"": ""div.story_view_main a.link_theme_black, div.story_view_normal a.link_theme_black"", ""url_markup"": ""div.story_view_main a.link_theme_black, div.story_view_normal a.link_theme_black""}"	PaginatedSiteParser	news.yandex.ru/Voronezh
https://news.yandex.ru/Birobidgan/index.html	7_42622	{}	"{""sleep"": 0.25}"	"{""text_markup"": ""div.story_view_main div.story__text, div.story_view_normal div.story__text"", ""title_markup"": ""div.story_view_main a.link_theme_black, div.story_view_normal a.link_theme_black"", ""url_markup"": ""div.story_view_main a.link_theme_black, div.story_view_normal a.link_theme_black""}"	PaginatedSiteParser	news.yandex.ru/Birobidgan
https://news.yandex.ru/Chita/index.html	7_3022	{}	"{""sleep"": 0.25}"	"{""text_markup"": ""div.story_view_main div.story__text, div.story_view_normal div.story__text"", ""title_markup"": ""div.story_view_main a.link_theme_black, div.story_view_normal a.link_theme_black"", ""url_markup"": ""div.story_view_main a.link_theme_black, div.story_view_normal a.link_theme_black""}"	PaginatedSiteParser	news.yandex.ru/Chita
https://news.yandex.ru/Ivanovo/index.html	7_35147	{}	"{""sleep"": 0.25}"	"{""text_markup"": ""div.story_view_main div.story__text, div.story_view_normal div.story__text"", ""title_markup"": ""div.story_view_main a.link_theme_black, div.story_view_normal a.link_theme_black"", ""url_markup"": ""div.story_view_main a.link_theme_black, div.story_view_normal a.link_theme_black""}"	PaginatedSiteParser	news.yandex.ru/Ivanovo
https://news.yandex.ru/Irkutsk/index.html	7_3952	{}	"{""sleep"": 0.25}"	"{""text_markup"": ""div.story_view_main div.story__text, div.story_view_normal div.story__text"", ""title_markup"": ""div.story_view_main a.link_theme_black, div.story_view_normal a.link_theme_black"", ""url_markup"": ""div.story_view_main a.link_theme_black, div.story_view_normal a.link_theme_black""}"	PaginatedSiteParser	news.yandex.ru/Irkutsk
https://news.yandex.ru/Nalchik/index.html	7_86622	{}	"{""sleep"": 0.25}"	"{""text_markup"": ""div.story_view_main div.story__text, div.story_view_normal div.story__text"", ""title_markup"": ""div.story_view_main a.link_theme_black, div.story_view_normal a.link_theme_black"", ""url_markup"": ""div.story_view_main a.link_theme_black, div.story_view_normal a.link_theme_black""}"	PaginatedSiteParser	news.yandex.ru/Nalchik
https://news.yandex.ru/Kaliningrad/index.html	7_4012	{}	"{""sleep"": 0.25}"	"{""text_markup"": ""div.story_view_main div.story__text, div.story_view_normal div.story__text"", ""title_markup"": ""div.story_view_main a.link_theme_black, div.story_view_normal a.link_theme_black"", ""url_markup"": ""div.story_view_main a.link_theme_black, div.story_view_normal a.link_theme_black""}"	PaginatedSiteParser	news.yandex.ru/Kaliningrad
https://news.yandex.ru/Kaluga/index.html	7_4842	{}	"{""sleep"": 0.25}"	"{""text_markup"": ""div.story_view_main div.story__text, div.story_view_normal div.story__text"", ""title_markup"": ""div.story_view_main a.link_theme_black, div.story_view_normal a.link_theme_black"", ""url_markup"": ""div.story_view_main a.link_theme_black, div.story_view_normal a.link_theme_black""}"	PaginatedSiteParser	news.yandex.ru/Kaluga
https://news.yandex.ru/Cherkessk/index.html	7_87822	{}	"{""sleep"": 0.25}"	"{""text_markup"": ""div.story_view_main div.story__text, div.story_view_normal div.story__text"", ""title_markup"": ""div.story_view_main a.link_theme_black, div.story_view_normal a.link_theme_black"", ""url_markup"": ""div.story_view_main a.link_theme_black, div.story_view_normal a.link_theme_black""}"	PaginatedSiteParser	news.yandex.ru/Cherkessk
https://news.yandex.ru/Kemerovo/index.html	7_3842	{}	"{""sleep"": 0.25}"	"{""text_markup"": ""div.story_view_main div.story__text, div.story_view_normal div.story__text"", ""title_markup"": ""div.story_view_main a.link_theme_black, div.story_view_normal a.link_theme_black"", ""url_markup"": ""div.story_view_main a.link_theme_black, div.story_view_normal a.link_theme_black""}"	PaginatedSiteParser	news.yandex.ru/Kemerovo
https://news.yandex.ru/Kirov/index.html	7_34357	{}	"{""sleep"": 0.25}"	"{""text_markup"": ""div.story_view_main div.story__text, div.story_view_normal div.story__text"", ""title_markup"": ""div.story_view_main a.link_theme_black, div.story_view_normal a.link_theme_black"", ""url_markup"": ""div.story_view_main a.link_theme_black, div.story_view_normal a.link_theme_black""}"	PaginatedSiteParser	news.yandex.ru/Kirov
https://news.yandex.ru/Kostroma/index.html	7_40157	{}	"{""sleep"": 0.25}"	"{""text_markup"": ""div.story_view_main div.story__text, div.story_view_normal div.story__text"", ""title_markup"": ""div.story_view_main a.link_theme_black, div.story_view_normal a.link_theme_black"", ""url_markup"": ""div.story_view_main a.link_theme_black, div.story_view_normal a.link_theme_black""}"	PaginatedSiteParser	news.yandex.ru/Kostroma
https://news.yandex.ru/Krasnodar/index.html	7_8612	{}	"{""sleep"": 0.25}"	"{""text_markup"": ""div.story_view_main div.story__text, div.story_view_normal div.story__text"", ""title_markup"": ""div.story_view_main a.link_theme_black, div.story_view_normal a.link_theme_black"", ""url_markup"": ""div.story_view_main a.link_theme_black, div.story_view_normal a.link_theme_black""}"	PaginatedSiteParser	news.yandex.ru/Krasnodar
https://news.yandex.ru/Krasnoyarsk/index.html	7_3912	{}	"{""sleep"": 0.25}"	"{""text_markup"": ""div.story_view_main div.story__text, div.story_view_normal div.story__text"", ""title_markup"": ""div.story_view_main a.link_theme_black, div.story_view_normal a.link_theme_black"", ""url_markup"": ""div.story_view_main a.link_theme_black, div.story_view_normal a.link_theme_black""}"	PaginatedSiteParser	news.yandex.ru/Krasnoyarsk
https://news.yandex.ru/Kurgan/index.html	7_35222	{}	"{""sleep"": 0.25}"	"{""text_markup"": ""div.story_view_main div.story__text, div.story_view_normal div.story__text"", ""title_markup"": ""div.story_view_main a.link_theme_black, div.story_view_normal a.link_theme_black"", ""url_markup"": ""div.story_view_main a.link_theme_black, div.story_view_normal a.link_theme_black""}"	PaginatedSiteParser	news.yandex.ru/Kurgan
https://news.yandex.ru/Kursk/index.html	7_4712	{}	"{""sleep"": 0.25}"	"{""text_markup"": ""div.story_view_main div.story__text, div.story_view_normal div.story__text"", ""title_markup"": ""div.story_view_main a.link_theme_black, div.story_view_normal a.link_theme_black"", ""url_markup"": ""div.story_view_main a.link_theme_black, div.story_view_normal a.link_theme_black""}"	PaginatedSiteParser	news.yandex.ru/Kursk
https://news.yandex.ru/Lipetsk/index.html	7_4742	{}	"{""sleep"": 0.25}"	"{""text_markup"": ""div.story_view_main div.story__text, div.story_view_normal div.story__text"", ""title_markup"": ""div.story_view_main a.link_theme_black, div.story_view_normal a.link_theme_black"", ""url_markup"": ""div.story_view_main a.link_theme_black, div.story_view_normal a.link_theme_black""}"	PaginatedSiteParser	news.yandex.ru/Lipetsk
https://news.yandex.ru/Magadan/index.html	7_41322	{}	"{""sleep"": 0.25}"	"{""text_markup"": ""div.story_view_main div.story__text, div.story_view_normal div.story__text"", ""title_markup"": ""div.story_view_main a.link_theme_black, div.story_view_normal a.link_theme_black"", ""url_markup"": ""div.story_view_main a.link_theme_black, div.story_view_normal a.link_theme_black""}"	PaginatedSiteParser	news.yandex.ru/Magadan
https://news.yandex.ru/Moscow/index.html	7_495	{}	"{""sleep"": 0.25}"	"{""text_markup"": ""div.story_view_main div.story__text, div.story_view_normal div.story__text"", ""title_markup"": ""div.story_view_main a.link_theme_black, div.story_view_normal a.link_theme_black"", ""url_markup"": ""div.story_view_main a.link_theme_black, div.story_view_normal a.link_theme_black""}"	PaginatedSiteParser	news.yandex.ru/Moscow
https://news.yandex.ru/Murmansk/index.html	7_8152	{}	"{""sleep"": 0.25}"	"{""text_markup"": ""div.story_view_main div.story__text, div.story_view_normal div.story__text"", ""title_markup"": ""div.story_view_main a.link_theme_black, div.story_view_normal a.link_theme_black"", ""url_markup"": ""div.story_view_main a.link_theme_black, div.story_view_normal a.link_theme_black""}"	PaginatedSiteParser	news.yandex.ru/Murmansk
https://news.yandex.ru/Nizhny_Novgorod/index.html	7_8312	{}	"{""sleep"": 0.25}"	"{""text_markup"": ""div.story_view_main div.story__text, div.story_view_normal div.story__text"", ""title_markup"": ""div.story_view_main a.link_theme_black, div.story_view_normal a.link_theme_black"", ""url_markup"": ""div.story_view_main a.link_theme_black, div.story_view_normal a.link_theme_black""}"	PaginatedSiteParser	news.yandex.ru/Nizhny_Novgorod
https://news.yandex.ru/Veliky_Novgorod/index.html	7_81622	{}	"{""sleep"": 0.25}"	"{""text_markup"": ""div.story_view_main div.story__text, div.story_view_normal div.story__text"", ""title_markup"": ""div.story_view_main a.link_theme_black, div.story_view_normal a.link_theme_black"", ""url_markup"": ""div.story_view_main a.link_theme_black, div.story_view_normal a.link_theme_black""}"	PaginatedSiteParser	news.yandex.ru/Veliky_Novgorod
https://news.yandex.ru/Novosibirsk/index.html	7_3832	{}	"{""sleep"": 0.25}"	"{""text_markup"": ""div.story_view_main div.story__text, div.story_view_normal div.story__text"", ""title_markup"": ""div.story_view_main a.link_theme_black, div.story_view_normal a.link_theme_black"", ""url_markup"": ""div.story_view_main a.link_theme_black, div.story_view_normal a.link_theme_black""}"	PaginatedSiteParser	news.yandex.ru/Novosibirsk
https://news.yandex.ru/Omsk/index.html	7_3812	{}	"{""sleep"": 0.25}"	"{""text_markup"": ""div.story_view_main div.story__text, div.story_view_normal div.story__text"", ""title_markup"": ""div.story_view_main a.link_theme_black, div.story_view_normal a.link_theme_black"", ""url_markup"": ""div.story_view_main a.link_theme_black, div.story_view_normal a.link_theme_black""}"	PaginatedSiteParser	news.yandex.ru/Omsk
https://news.yandex.ru/Orenburg/index.html	7_3532	{}	"{""sleep"": 0.25}"	"{""text_markup"": ""div.story_view_main div.story__text, div.story_view_normal div.story__text"", ""title_markup"": ""div.story_view_main a.link_theme_black, div.story_view_normal a.link_theme_black"", ""url_markup"": ""div.story_view_main a.link_theme_black, div.story_view_normal a.link_theme_black""}"	PaginatedSiteParser	news.yandex.ru/Orenburg
https://news.yandex.ru/Orel/index.html	7_40151	{}	"{""sleep"": 0.25}"	"{""text_markup"": ""div.story_view_main div.story__text, div.story_view_normal div.story__text"", ""title_markup"": ""div.story_view_main a.link_theme_black, div.story_view_normal a.link_theme_black"", ""url_markup"": ""div.story_view_main a.link_theme_black, div.story_view_normal a.link_theme_black""}"	PaginatedSiteParser	news.yandex.ru/Orel
https://news.yandex.ru/Penza/index.html	7_8412	{}	"{""sleep"": 0.25}"	"{""text_markup"": ""div.story_view_main div.story__text, div.story_view_normal div.story__text"", ""title_markup"": ""div.story_view_main a.link_theme_black, div.story_view_normal a.link_theme_black"", ""url_markup"": ""div.story_view_main a.link_theme_black, div.story_view_normal a.link_theme_black""}"	PaginatedSiteParser	news.yandex.ru/Penza
https://news.yandex.ru/Perm/index.html	7_3422	{}	"{""sleep"": 0.25}"	"{""text_markup"": ""div.story_view_main div.story__text, div.story_view_normal div.story__text"", ""title_markup"": ""div.story_view_main a.link_theme_black, div.story_view_normal a.link_theme_black"", ""url_markup"": ""div.story_view_main a.link_theme_black, div.story_view_normal a.link_theme_black""}"	PaginatedSiteParser	news.yandex.ru/Perm
https://news.yandex.ru/Vladivostok/index.html	7_4232	{}	"{""sleep"": 0.25}"	"{""text_markup"": ""div.story_view_main div.story__text, div.story_view_normal div.story__text"", ""title_markup"": ""div.story_view_main a.link_theme_black, div.story_view_normal a.link_theme_black"", ""url_markup"": ""div.story_view_main a.link_theme_black, div.story_view_normal a.link_theme_black""}"	PaginatedSiteParser	news.yandex.ru/Vladivostok
https://news.yandex.ru/Pskov/index.html	7_8112	{}	"{""sleep"": 0.25}"	"{""text_markup"": ""div.story_view_main div.story__text, div.story_view_normal div.story__text"", ""title_markup"": ""div.story_view_main a.link_theme_black, div.story_view_normal a.link_theme_black"", ""url_markup"": ""div.story_view_main a.link_theme_black, div.story_view_normal a.link_theme_black""}"	PaginatedSiteParser	news.yandex.ru/Pskov
https://news.yandex.ru/Maykop/index.html	7_87722	{}	"{""sleep"": 0.25}"	"{""text_markup"": ""div.story_view_main div.story__text, div.story_view_normal div.story__text"", ""title_markup"": ""div.story_view_main a.link_theme_black, div.story_view_normal a.link_theme_black"", ""url_markup"": ""div.story_view_main a.link_theme_black, div.story_view_normal a.link_theme_black""}"	PaginatedSiteParser	news.yandex.ru/Maykop
https://news.yandex.ru/Gorno-Altaysk/index.html	7_38822	{}	"{""sleep"": 0.25}"	"{""text_markup"": ""div.story_view_main div.story__text, div.story_view_normal div.story__text"", ""title_markup"": ""div.story_view_main a.link_theme_black, div.story_view_normal a.link_theme_black"", ""url_markup"": ""div.story_view_main a.link_theme_black, div.story_view_normal a.link_theme_black""}"	PaginatedSiteParser	news.yandex.ru/Gorno-Altaysk
https://news.yandex.ru/Ufa/index.html	7_3472	{}	"{""sleep"": 0.25}"	"{""text_markup"": ""div.story_view_main div.story__text, div.story_view_normal div.story__text"", ""title_markup"": ""div.story_view_main a.link_theme_black, div.story_view_normal a.link_theme_black"", ""url_markup"": ""div.story_view_main a.link_theme_black, div.story_view_normal a.link_theme_black""}"	PaginatedSiteParser	news.yandex.ru/Ufa
https://news.yandex.ru/Ulan-Ude/index.html	7_3012	{}	"{""sleep"": 0.25}"	"{""text_markup"": ""div.story_view_main div.story__text, div.story_view_normal div.story__text"", ""title_markup"": ""div.story_view_main a.link_theme_black, div.story_view_normal a.link_theme_black"", ""url_markup"": ""div.story_view_main a.link_theme_black, div.story_view_normal a.link_theme_black""}"	PaginatedSiteParser	news.yandex.ru/Ulan-Ude
https://news.yandex.ru/Makhachkala/index.html	7_8722	{}	"{""sleep"": 0.25}"	"{""text_markup"": ""div.story_view_main div.story__text, div.story_view_normal div.story__text"", ""title_markup"": ""div.story_view_main a.link_theme_black, div.story_view_normal a.link_theme_black"", ""url_markup"": ""div.story_view_main a.link_theme_black, div.story_view_normal a.link_theme_black""}"	PaginatedSiteParser	news.yandex.ru/Makhachkala
https://news.yandex.ru/Petrozavodsk/index.html	7_8142	{}	"{""sleep"": 0.25}"	"{""text_markup"": ""div.story_view_main div.story__text, div.story_view_normal div.story__text"", ""title_markup"": ""div.story_view_main a.link_theme_black, div.story_view_normal a.link_theme_black"", ""url_markup"": ""div.story_view_main a.link_theme_black, div.story_view_normal a.link_theme_black""}"	PaginatedSiteParser	news.yandex.ru/Petrozavodsk
https://news.yandex.ru/Syktyvkar/index.html	7_8212	{}	"{""sleep"": 0.25}"	"{""text_markup"": ""div.story_view_main div.story__text, div.story_view_normal div.story__text"", ""title_markup"": ""div.story_view_main a.link_theme_black, div.story_view_normal a.link_theme_black"", ""url_markup"": ""div.story_view_main a.link_theme_black, div.story_view_normal a.link_theme_black""}"	PaginatedSiteParser	news.yandex.ru/Syktyvkar
https://news.yandex.ru/Yoshkar-Ola/index.html	7_8362	{}	"{""sleep"": 0.25}"	"{""text_markup"": ""div.story_view_main div.story__text, div.story_view_normal div.story__text"", ""title_markup"": ""div.story_view_main a.link_theme_black, div.story_view_normal a.link_theme_black"", ""url_markup"": ""div.story_view_main a.link_theme_black, div.story_view_normal a.link_theme_black""}"	PaginatedSiteParser	news.yandex.ru/Yoshkar-Ola
https://news.yandex.ru/Saransk/index.html	7_40158	{}	"{""sleep"": 0.25}"	"{""text_markup"": ""div.story_view_main div.story__text, div.story_view_normal div.story__text"", ""title_markup"": ""div.story_view_main a.link_theme_black, div.story_view_normal a.link_theme_black"", ""url_markup"": ""div.story_view_main a.link_theme_black, div.story_view_normal a.link_theme_black""}"	PaginatedSiteParser	news.yandex.ru/Saransk
https://news.yandex.ru/Yakutsk/index.html	7_4112	{}	"{""sleep"": 0.25}"	"{""text_markup"": ""div.story_view_main div.story__text, div.story_view_normal div.story__text"", ""title_markup"": ""div.story_view_main a.link_theme_black, div.story_view_normal a.link_theme_black"", ""url_markup"": ""div.story_view_main a.link_theme_black, div.story_view_normal a.link_theme_black""}"	PaginatedSiteParser	news.yandex.ru/Yakutsk
https://news.yandex.ru/Vladikavkaz/index.html	7_8672	{}	"{""sleep"": 0.25}"	"{""text_markup"": ""div.story_view_main div.story__text, div.story_view_normal div.story__text"", ""title_markup"": ""div.story_view_main a.link_theme_black, div.story_view_normal a.link_theme_black"", ""url_markup"": ""div.story_view_main a.link_theme_black, div.story_view_normal a.link_theme_black""}"	PaginatedSiteParser	news.yandex.ru/Vladikavkaz
https://news.yandex.ru/Kazan/index.html	7_843	{}	"{""sleep"": 0.25}"	"{""text_markup"": ""div.story_view_main div.story__text, div.story_view_normal div.story__text"", ""title_markup"": ""div.story_view_main a.link_theme_black, div.story_view_normal a.link_theme_black"", ""url_markup"": ""div.story_view_main a.link_theme_black, div.story_view_normal a.link_theme_black""}"	PaginatedSiteParser	news.yandex.ru/Kazan
https://news.yandex.ru/Abakan/index.html	7_39022	{}	"{""sleep"": 0.25}"	"{""text_markup"": ""div.story_view_main div.story__text, div.story_view_normal div.story__text"", ""title_markup"": ""div.story_view_main a.link_theme_black, div.story_view_normal a.link_theme_black"", ""url_markup"": ""div.story_view_main a.link_theme_black, div.story_view_normal a.link_theme_black""}"	PaginatedSiteParser	news.yandex.ru/Abakan
https://news.yandex.ru/Ryazan/index.html	7_4912	{}	"{""sleep"": 0.25}"	"{""text_markup"": ""div.story_view_main div.story__text, div.story_view_normal div.story__text"", ""title_markup"": ""div.story_view_main a.link_theme_black, div.story_view_normal a.link_theme_black"", ""url_markup"": ""div.story_view_main a.link_theme_black, div.story_view_normal a.link_theme_black""}"	PaginatedSiteParser	news.yandex.ru/Ryazan
https://news.yandex.ru/Samara/index.html	7_8462	{}	"{""sleep"": 0.25}"	"{""text_markup"": ""div.story_view_main div.story__text, div.story_view_normal div.story__text"", ""title_markup"": ""div.story_view_main a.link_theme_black, div.story_view_normal a.link_theme_black"", ""url_markup"": ""div.story_view_main a.link_theme_black, div.story_view_normal a.link_theme_black""}"	PaginatedSiteParser	news.yandex.ru/Samara
https://news.yandex.ru/Saint_Petersburg/index.html	7_812	{}	"{""sleep"": 0.25}"	"{""text_markup"": ""div.story_view_main div.story__text, div.story_view_normal div.story__text"", ""title_markup"": ""div.story_view_main a.link_theme_black, div.story_view_normal a.link_theme_black"", ""url_markup"": ""div.story_view_main a.link_theme_black, div.story_view_normal a.link_theme_black""}"	PaginatedSiteParser	news.yandex.ru/Saint_Petersburg
https://news.yandex.ru/Saratov/index.html	7_8452	{}	"{""sleep"": 0.25}"	"{""text_markup"": ""div.story_view_main div.story__text, div.story_view_normal div.story__text"", ""title_markup"": ""div.story_view_main a.link_theme_black, div.story_view_normal a.link_theme_black"", ""url_markup"": ""div.story_view_main a.link_theme_black, div.story_view_normal a.link_theme_black""}"	PaginatedSiteParser	news.yandex.ru/Saratov
https://news.yandex.ru/Yuzhno-Sakhalinsk/index.html	7_4242	{}	"{""sleep"": 0.25}"	"{""text_markup"": ""div.story_view_main div.story__text, div.story_view_normal div.story__text"", ""title_markup"": ""div.story_view_main a.link_theme_black, div.story_view_normal a.link_theme_black"", ""url_markup"": ""div.story_view_main a.link_theme_black, div.story_view_normal a.link_theme_black""}"	PaginatedSiteParser	news.yandex.ru/Yuzhno-Sakhalinsk
https://news.yandex.ru/Yekaterinburg/index.html	7_343	{}	"{""sleep"": 0.25}"	"{""text_markup"": ""div.story_view_main div.story__text, div.story_view_normal div.story__text"", ""title_markup"": ""div.story_view_main a.link_theme_black, div.story_view_normal a.link_theme_black"", ""url_markup"": ""div.story_view_main a.link_theme_black, div.story_view_normal a.link_theme_black""}"	PaginatedSiteParser	news.yandex.ru/Yekaterinburg
https://news.yandex.ru/Smolensk/index.html	7_4812	{}	"{""sleep"": 0.25}"	"{""text_markup"": ""div.story_view_main div.story__text, div.story_view_normal div.story__text"", ""title_markup"": ""div.story_view_main a.link_theme_black, div.story_view_normal a.link_theme_black"", ""url_markup"": ""div.story_view_main a.link_theme_black, div.story_view_normal a.link_theme_black""}"	PaginatedSiteParser	news.yandex.ru/Smolensk
https://news.yandex.ru/Stavropol/index.html	7_8652	{}	"{""sleep"": 0.25}"	"{""text_markup"": ""div.story_view_main div.story__text, div.story_view_normal div.story__text"", ""title_markup"": ""div.story_view_main a.link_theme_black, div.story_view_normal a.link_theme_black"", ""url_markup"": ""div.story_view_main a.link_theme_black, div.story_view_normal a.link_theme_black""}"	PaginatedSiteParser	news.yandex.ru/Stavropol
https://news.yandex.ru/Tambov/index.html	7_4752	{}	"{""sleep"": 0.25}"	"{""text_markup"": ""div.story_view_main div.story__text, div.story_view_normal div.story__text"", ""title_markup"": ""div.story_view_main a.link_theme_black, div.story_view_normal a.link_theme_black"", ""url_markup"": ""div.story_view_main a.link_theme_black, div.story_view_normal a.link_theme_black""}"	PaginatedSiteParser	news.yandex.ru/Tambov
https://news.yandex.ru/Tver/index.html	7_48222	{}	"{""sleep"": 0.25}"	"{""text_markup"": ""div.story_view_main div.story__text, div.story_view_normal div.story__text"", ""title_markup"": ""div.story_view_main a.link_theme_black, div.story_view_normal a.link_theme_black"", ""url_markup"": ""div.story_view_main a.link_theme_black, div.story_view_normal a.link_theme_black""}"	PaginatedSiteParser	news.yandex.ru/Tver
https://news.yandex.ru/Tomsk/index.html	7_3822	{}	"{""sleep"": 0.25}"	"{""text_markup"": ""div.story_view_main div.story__text, div.story_view_normal div.story__text"", ""title_markup"": ""div.story_view_main a.link_theme_black, div.story_view_normal a.link_theme_black"", ""url_markup"": ""div.story_view_main a.link_theme_black, div.story_view_normal a.link_theme_black""}"	PaginatedSiteParser	news.yandex.ru/Tomsk
https://news.yandex.ru/Tula/index.html	7_4872	{}	"{""sleep"": 0.25}"	"{""text_markup"": ""div.story_view_main div.story__text, div.story_view_normal div.story__text"", ""title_markup"": ""div.story_view_main a.link_theme_black, div.story_view_normal a.link_theme_black"", ""url_markup"": ""div.story_view_main a.link_theme_black, div.story_view_normal a.link_theme_black""}"	PaginatedSiteParser	news.yandex.ru/Tula
https://news.yandex.ru/Tyumen/index.html	7_3452	{}	"{""sleep"": 0.25}"	"{""text_markup"": ""div.story_view_main div.story__text, div.story_view_normal div.story__text"", ""title_markup"": ""div.story_view_main a.link_theme_black, div.story_view_normal a.link_theme_black"", ""url_markup"": ""div.story_view_main a.link_theme_black, div.story_view_normal a.link_theme_black""}"	PaginatedSiteParser	news.yandex.ru/Tyumen
https://news.yandex.ru/Izhevsk/index.html	7_3412	{}	"{""sleep"": 0.25}"	"{""text_markup"": ""div.story_view_main div.story__text, div.story_view_normal div.story__text"", ""title_markup"": ""div.story_view_main a.link_theme_black, div.story_view_normal a.link_theme_black"", ""url_markup"": ""div.story_view_main a.link_theme_black, div.story_view_normal a.link_theme_black""}"	PaginatedSiteParser	news.yandex.ru/Izhevsk
https://news.yandex.ru/Ulyanovsk/index.html	7_8422	{}	"{""sleep"": 0.25}"	"{""text_markup"": ""div.story_view_main div.story__text, div.story_view_normal div.story__text"", ""title_markup"": ""div.story_view_main a.link_theme_black, div.story_view_normal a.link_theme_black"", ""url_markup"": ""div.story_view_main a.link_theme_black, div.story_view_normal a.link_theme_black""}"	PaginatedSiteParser	news.yandex.ru/Ulyanovsk
https://news.yandex.ru/Khabarovsk/index.html	7_4212	{}	"{""sleep"": 0.25}"	"{""text_markup"": ""div.story_view_main div.story__text, div.story_view_normal div.story__text"", ""title_markup"": ""div.story_view_main a.link_theme_black, div.story_view_normal a.link_theme_black"", ""url_markup"": ""div.story_view_main a.link_theme_black, div.story_view_normal a.link_theme_black""}"	PaginatedSiteParser	news.yandex.ru/Khabarovsk
https://news.yandex.ru/Khanty-Mansiysk/index.html	7_3467	{}	"{""sleep"": 0.25}"	"{""text_markup"": ""div.story_view_main div.story__text, div.story_view_normal div.story__text"", ""title_markup"": ""div.story_view_main a.link_theme_black, div.story_view_normal a.link_theme_black"", ""url_markup"": ""div.story_view_main a.link_theme_black, div.story_view_normal a.link_theme_black""}"	PaginatedSiteParser	news.yandex.ru/Khanty-Mansiysk
https://news.yandex.ru/Chelyabinsk/index.html	7_3512	{}	"{""sleep"": 0.25}"	"{""text_markup"": ""div.story_view_main div.story__text, div.story_view_normal div.story__text"", ""title_markup"": ""div.story_view_main a.link_theme_black, div.story_view_normal a.link_theme_black"", ""url_markup"": ""div.story_view_main a.link_theme_black, div.story_view_normal a.link_theme_black""}"	PaginatedSiteParser	news.yandex.ru/Chelyabinsk
https://news.yandex.ru/Cheboksary/index.html	7_8352	{}	"{""sleep"": 0.25}"	"{""text_markup"": ""div.story_view_main div.story__text, div.story_view_normal div.story__text"", ""title_markup"": ""div.story_view_main a.link_theme_black, div.story_view_normal a.link_theme_black"", ""url_markup"": ""div.story_view_main a.link_theme_black, div.story_view_normal a.link_theme_black""}"	PaginatedSiteParser	news.yandex.ru/Cheboksary
https://news.yandex.ru/Yaroslavl/index.html	7_4852	{}	"{""sleep"": 0.25}"	"{""text_markup"": ""div.story_view_main div.story__text, div.story_view_normal div.story__text"", ""title_markup"": ""div.story_view_main a.link_theme_black, div.story_view_normal a.link_theme_black"", ""url_markup"": ""div.story_view_main a.link_theme_black, div.story_view_normal a.link_theme_black""}"	PaginatedSiteParser	news.yandex.ru/Yaroslavl
http://donday.ru/obshhestvo/page/{page}/	7_863	{}	"{""page"": [1, 2]}"	"{""text_markup"": ""div#dle-content > div.base.shortstory > div.maincont > a"", ""title_markup"": ""h3.btl"", ""url_markup"": ""h3.btl a""}"	PaginatedSiteParser	donday.ru/obshhestvo
http://donday.ru/proisshestviya/page/{page}/	7_863	{}	"{""page"": [1, 2]}"	"{""text_markup"": ""div#dle-content > div.base.shortstory > div.maincont > a"", ""title_markup"": ""h3.btl"", ""url_markup"": ""h3.btl a""}"	PaginatedSiteParser	donday.ru/proisshestviya
http://www.spb.aif.ru/news	7_812	{}	"{""sleep"": 0.25}"	"{""text_markup"": ""div.data_text a.data_anons"", ""title_markup"": ""div.data_text h2.data_title a"", ""url_markup"": ""div.data_text h2.data_title a""}"	PaginatedSiteParser	spb.aif.ru
http://www.arh.aif.ru/news	7_8182	{}	"{""sleep"": 0.25}"	"{""text_markup"": ""div.data_text a.data_anons"", ""title_markup"": ""div.data_text h2.data_title a"", ""url_markup"": ""div.data_text h2.data_title a""}"	PaginatedSiteParser	arh.aif.ru
http://www.altai.aif.ru/news	7_3852	{}	"{""sleep"": 0.25}"	"{""text_markup"": ""div.data_text a.data_anons"", ""title_markup"": ""div.data_text h2.data_title a"", ""url_markup"": ""div.data_text h2.data_title a""}"	PaginatedSiteParser	altai.aif.ru
http://www.bryansk.aif.ru/news	7_48322	{}	"{""sleep"": 0.25}"	"{""text_markup"": ""div.data_text a.data_anons"", ""title_markup"": ""div.data_text h2.data_title a"", ""url_markup"": ""div.data_text h2.data_title a""}"	PaginatedSiteParser	bryansk.aif.ru
http://www.vl.aif.ru/news	7_4232	{}	"{""sleep"": 0.25}"	"{""text_markup"": ""div.data_text a.data_anons"", ""title_markup"": ""div.data_text h2.data_title a"", ""url_markup"": ""div.data_text h2.data_title a""}"	PaginatedSiteParser	vl.aif.ru
http://www.vlad.aif.ru/news	7_4922	{}	"{""sleep"": 0.25}"	"{""text_markup"": ""div.data_text a.data_anons"", ""title_markup"": ""div.data_text h2.data_title a"", ""url_markup"": ""div.data_text h2.data_title a""}"	PaginatedSiteParser	vlad.aif.ru
http://www.vlg.aif.ru/news	7_844	{}	"{""sleep"": 0.25}"	"{""text_markup"": ""div.data_text a.data_anons"", ""title_markup"": ""div.data_text h2.data_title a"", ""url_markup"": ""div.data_text h2.data_title a""}"	PaginatedSiteParser	vlg.aif.ru
http://www.vologda.aif.ru/news	7_8172	{}	"{""sleep"": 0.25}"	"{""text_markup"": ""div.data_text a.data_anons"", ""title_markup"": ""div.data_text h2.data_title a"", ""url_markup"": ""div.data_text h2.data_title a""}"	PaginatedSiteParser	vologda.aif.ru
http://www.vlad.aif.ru/ivanovo/news	7_4922	{}	"{""sleep"": 0.25}"	"{""text_markup"": ""div.data_text a.data_anons"", ""title_markup"": ""div.data_text h2.data_title a"", ""url_markup"": ""div.data_text h2.data_title a""}"	PaginatedSiteParser	vlad.aif.ru/ivanovo
http://www.irk.aif.ru/news	7_3952	{}	"{""sleep"": 0.25}"	"{""text_markup"": ""div.data_text a.data_anons"", ""title_markup"": ""div.data_text h2.data_title a"", ""url_markup"": ""div.data_text h2.data_title a""}"	PaginatedSiteParser	irk.aif.ru
http://www.kazan.aif.ru/news	7_843	{}	"{""sleep"": 0.25}"	"{""text_markup"": ""div.data_text a.data_anons"", ""title_markup"": ""div.data_text h2.data_title a"", ""url_markup"": ""div.data_text h2.data_title a""}"	PaginatedSiteParser	kazan.aif.ru
http://www.klg.aif.ru/news	7_4012	{}	"{""sleep"": 0.25}"	"{""text_markup"": ""div.data_text a.data_anons"", ""title_markup"": ""div.data_text h2.data_title a"", ""url_markup"": ""div.data_text h2.data_title a""}"	PaginatedSiteParser	klg.aif.ru
http://www.kirov.aif.ru/news	7_48456	{}	"{""sleep"": 0.25}"	"{""text_markup"": ""div.data_text a.data_anons"", ""title_markup"": ""div.data_text h2.data_title a"", ""url_markup"": ""div.data_text h2.data_title a""}"	PaginatedSiteParser	kirov.aif.ru
http://www.vlad.aif.ru/kostroma/news	7_4922	{}	"{""sleep"": 0.25}"	"{""text_markup"": ""div.data_text a.data_anons"", ""title_markup"": ""div.data_text h2.data_title a"", ""url_markup"": ""div.data_text h2.data_title a""}"	PaginatedSiteParser	vlad.aif.ru/kostroma
http://www.krsk.aif.ru/news	7_3912	{}	"{""sleep"": 0.25}"	"{""text_markup"": ""div.data_text a.data_anons"", ""title_markup"": ""div.data_text h2.data_title a"", ""url_markup"": ""div.data_text h2.data_title a""}"	PaginatedSiteParser	krsk.aif.ru
http://www.murmansk.aif.ru/news	7_8152	{}	"{""sleep"": 0.25}"	"{""text_markup"": ""div.data_text a.data_anons"", ""title_markup"": ""div.data_text h2.data_title a"", ""url_markup"": ""div.data_text h2.data_title a""}"	PaginatedSiteParser	murmansk.aif.ru
http://www.nn.aif.ru/news	7_8312	{}	"{""sleep"": 0.25}"	"{""text_markup"": ""div.data_text a.data_anons"", ""title_markup"": ""div.data_text h2.data_title a"", ""url_markup"": ""div.data_text h2.data_title a""}"	PaginatedSiteParser	nn.aif.ru
http://www.nsk.aif.ru/news	7_3832	{}	"{""sleep"": 0.25}"	"{""text_markup"": ""div.data_text a.data_anons"", ""title_markup"": ""div.data_text h2.data_title a"", ""url_markup"": ""div.data_text h2.data_title a""}"	PaginatedSiteParser	nsk.aif.ru
http://www.omsk.aif.ru/news	7_3812	{}	"{""sleep"": 0.25}"	"{""text_markup"": ""div.data_text a.data_anons"", ""title_markup"": ""div.data_text h2.data_title a"", ""url_markup"": ""div.data_text h2.data_title a""}"	PaginatedSiteParser	omsk.aif.ru
http://www.oren.aif.ru/news	7_3532	{}	"{""sleep"": 0.25}"	"{""text_markup"": ""div.data_text a.data_anons"", ""title_markup"": ""div.data_text h2.data_title a"", ""url_markup"": ""div.data_text h2.data_title a""}"	PaginatedSiteParser	oren.aif.ru
http://www.penza.aif.ru/news	7_8412	{}	"{""sleep"": 0.25}"	"{""text_markup"": ""div.data_text a.data_anons"", ""title_markup"": ""div.data_text h2.data_title a"", ""url_markup"": ""div.data_text h2.data_title a""}"	PaginatedSiteParser	penza.aif.ru
http://www.perm.aif.ru/news	7_3422	{}	"{""sleep"": 0.25}"	"{""text_markup"": ""div.data_text a.data_anons"", ""title_markup"": ""div.data_text h2.data_title a"", ""url_markup"": ""div.data_text h2.data_title a""}"	PaginatedSiteParser	perm.aif.ru
http://www.pskov.aif.ru/news	7_8112	{}	"{""sleep"": 0.25}"	"{""text_markup"": ""div.data_text a.data_anons"", ""title_markup"": ""div.data_text h2.data_title a"", ""url_markup"": ""div.data_text h2.data_title a""}"	PaginatedSiteParser	pskov.aif.ru
http://www.rzn.aif.ru/news	7_4912	{}	"{""sleep"": 0.25}"	"{""text_markup"": ""div.data_text a.data_anons"", ""title_markup"": ""div.data_text h2.data_title a"", ""url_markup"": ""div.data_text h2.data_title a""}"	PaginatedSiteParser	rzn.aif.ru
http://www.samara.aif.ru/news	7_8462	{}	"{""sleep"": 0.25}"	"{""text_markup"": ""div.data_text a.data_anons"", ""title_markup"": ""div.data_text h2.data_title a"", ""url_markup"": ""div.data_text h2.data_title a""}"	PaginatedSiteParser	samara.aif.ru
http://www.saratov.aif.ru/news	7_8452	{}	"{""sleep"": 0.25}"	"{""text_markup"": ""div.data_text a.data_anons"", ""title_markup"": ""div.data_text h2.data_title a"", ""url_markup"": ""div.data_text h2.data_title a""}"	PaginatedSiteParser	saratov.aif.ru
http://www.smol.aif.ru/news	7_4812	{}	"{""sleep"": 0.25}"	"{""text_markup"": ""div.data_text a.data_anons"", ""title_markup"": ""div.data_text h2.data_title a"", ""url_markup"": ""div.data_text h2.data_title a""}"	PaginatedSiteParser	smol.aif.ru
http://www.stav.aif.ru/news	7_8652	{}	"{""sleep"": 0.25}"	"{""text_markup"": ""div.data_text a.data_anons"", ""title_markup"": ""div.data_text h2.data_title a"", ""url_markup"": ""div.data_text h2.data_title a""}"	PaginatedSiteParser	stav.aif.ru
http://www.tver.aif.ru/news	7_48222	{}	"{""sleep"": 0.25}"	"{""text_markup"": ""div.data_text a.data_anons"", ""title_markup"": ""div.data_text h2.data_title a"", ""url_markup"": ""div.data_text h2.data_title a""}"	PaginatedSiteParser	tver.aif.ru
http://www.tomsk.aif.ru/news	7_3822	{}	"{""sleep"": 0.25}"	"{""text_markup"": ""div.data_text a.data_anons"", ""title_markup"": ""div.data_text h2.data_title a"", ""url_markup"": ""div.data_text h2.data_title a""}"	PaginatedSiteParser	tomsk.aif.ru
http://www.tula.aif.ru/news	7_4872	{}	"{""sleep"": 0.25}"	"{""text_markup"": ""div.data_text a.data_anons"", ""title_markup"": ""div.data_text h2.data_title a"", ""url_markup"": ""div.data_text h2.data_title a""}"	PaginatedSiteParser	tula.aif.ru
http://www.tmn.aif.ru/news	7_3452	{}	"{""sleep"": 0.25}"	"{""text_markup"": ""div.data_text a.data_anons"", ""title_markup"": ""div.data_text h2.data_title a"", ""url_markup"": ""div.data_text h2.data_title a""}"	PaginatedSiteParser	tmn.aif.ru
http://www.ul.aif.ru/news	7_8422	{}	"{""sleep"": 0.25}"	"{""text_markup"": ""div.data_text a.data_anons"", ""title_markup"": ""div.data_text h2.data_title a"", ""url_markup"": ""div.data_text h2.data_title a""}"	PaginatedSiteParser	ul.aif.ru
http://www.ufa.aif.ru/news	7_3472	{}	"{""sleep"": 0.25}"	"{""text_markup"": ""div.data_text a.data_anons"", ""title_markup"": ""div.data_text h2.data_title a"", ""url_markup"": ""div.data_text h2.data_title a""}"	PaginatedSiteParser	ufa.aif.ru
http://www.hab.aif.ru/news	7_4212	{}	"{""sleep"": 0.25}"	"{""text_markup"": ""div.data_text a.data_anons"", ""title_markup"": ""div.data_text h2.data_title a"", ""url_markup"": ""div.data_text h2.data_title a""}"	PaginatedSiteParser	hab.aif.ru
http://www.chel.aif.ru/news	7_3512	{}	"{""sleep"": 0.25}"	"{""text_markup"": ""div.data_text a.data_anons"", ""title_markup"": ""div.data_text h2.data_title a"", ""url_markup"": ""div.data_text h2.data_title a""}"	PaginatedSiteParser	chel.aif.ru
http://www.chita.aif.ru/news	7_3022	{}	"{""sleep"": 0.25}"	"{""text_markup"": ""div.data_text a.data_anons"", ""title_markup"": ""div.data_text h2.data_title a"", ""url_markup"": ""div.data_text h2.data_title a""}"	PaginatedSiteParser	chita.aif.ru
http://www.yar.aif.ru/news	7_4852	{}	"{""sleep"": 0.25}"	"{""text_markup"": ""div.data_text a.data_anons"", ""title_markup"": ""div.data_text h2.data_title a"", ""url_markup"": ""div.data_text h2.data_title a""}"	PaginatedSiteParser	yar.aif.ru
